{
  "timestamp": "2026-05-04T04:39:32.051822",
  "dataset_size": 5000,
  "test_size": 1500,
  "results": [
    {
      "name": "Rule-Based",
      "accuracy": 0.9233333333333333,
      "precision": 0.9089376053962901,
      "recall": 0.8983333333333333,
      "f1": 0.90360435875943,
      "confusion_matrix": [
        [
          846,
          54
        ],
        [
          61,
          539
        ]
      ],
      "fpr": 0.06,
      "tpr": 0.8983333333333333,
      "latency": {
        "mean_ms": 0.02986907958984375,
        "std_ms": 0.0038491245292080613,
        "p95_ms": 0.033855438232421875,
        "p99_ms": 0.04105567932128909
      }
    },
    {
      "name": "Random Forest",
      "accuracy": 0.96,
      "precision": 0.9397394136807817,
      "recall": 0.9616666666666667,
      "f1": 0.9505766062602965,
      "confusion_matrix": [
        [
          863,
          37
        ],
        [
          23,
          577
        ]
      ],
      "auc_roc": 0.9900000000000001,
      "fpr": 0.04111111111111111,
      "tpr": 0.9616666666666667,
      "latency": {
        "mean_ms": 28.351128101348877,
        "std_ms": 5.245904371275665,
        "p95_ms": 36.68544292449951,
        "p99_ms": 56.50430917739871
      }
    },
    {
      "name": "Neural Network",
      "accuracy": 0.9546666666666667,
      "precision": 0.927652733118971,
      "recall": 0.9616666666666667,
      "f1": 0.9443535188216039,
      "confusion_matrix": [
        [
          855,
          45
        ],
        [
          23,
          577
        ]
      ],
      "auc_roc": 0.9775333333333333,
      "fpr": 0.05,
      "tpr": 0.9616666666666667,
      "latency": {
        "mean_ms": 0.33335208892822266,
        "std_ms": 0.02254689547511944,
        "p95_ms": 0.36410093307495117,
        "p99_ms": 0.38465499877929754
      }
    },
    {
      "name": "DeceptiCloud Ensemble",
      "accuracy": 0.9553333333333334,
      "precision": 0.92914653784219,
      "recall": 0.9616666666666667,
      "f1": 0.9451269451269452,
      "confusion_matrix": [
        [
          856,
          44
        ],
        [
          23,
          577
        ]
      ],
      "auc_roc": 0.9891055555555555,
      "fpr": 0.04888888888888889,
      "tpr": 0.9616666666666667,
      "latency": {
        "mean_ms": 28.08615207672119,
        "std_ms": 3.362495746306245,
        "p95_ms": 29.7005295753479,
        "p99_ms": 39.79013204574593
      }
    }
  ],
  "best_model": "Random Forest"
}