{
  "model_type": "Random Forest (Regularized)",
  "accuracy": 0.8406666666666667,
  "precision": 0.8394062078272605,
  "recall": 0.8382749326145552,
  "f1_score": 0.8388401888064734,
  "attack_type": "XSS"
}